{
    "ROI": 42.86764471550004,
    "Total P&L": 428676.4471550004,
    "Sharpe Ratio": 1.74519481313605,
    "Sortino Ratio": 2.397797045385388,
    "Calmar Ratio": 2.8693922059312187,
    "Max Drawdown": -0.15351801919657831,
    "CAGR": 44.05034077526611,
    "Win Rate": 66.66666666666666,
    "Expected Return": 1593032.3010972224,
    "Volatility": 19.428402415974226,
    "Max Time to Recover": 194
}