{
    "ROI": 28.202439183500083,
    "Total P&L": 282024.39183500083,
    "Sharpe Ratio": 1.366768740376195,
    "Sortino Ratio": 2.007901126770365,
    "Calmar Ratio": 2.5008858521617165,
    "Max Drawdown": -0.11572139873502343,
    "CAGR": 28.940600888878485,
    "Win Rate": 55.55555555555556,
    "Expected Return": 1178783.1735154334,
    "Volatility": 16.152833700401757,
    "Max Time to Recover": 208
}