{
    "ROI": 39.0301869655,
    "Total P&L": 390301.86965500005,
    "Sharpe Ratio": 1.9691982255742326,
    "Sortino Ratio": 3.159997285362257,
    "Calmar Ratio": 4.703223736992329,
    "Max Drawdown": -0.08359041886419187,
    "CAGR": 39.314444218719856,
    "Win Rate": 61.111111111111114,
    "Expected Return": 1376798.5003788585,
    "Volatility": 14.683049289637093,
    "Max Time to Recover": 203
}