{
    "ROI": 59.51994714500003,
    "Total P&L": 595199.4714500003,
    "Sharpe Ratio": 2.081734456718166,
    "Sortino Ratio": 2.8829159818537806,
    "Calmar Ratio": 5.385705116189872,
    "Max Drawdown": -0.11137328263478453,
    "CAGR": 59.98236580930196,
    "Win Rate": 61.111111111111114,
    "Expected Return": 2140651.7070424394,
    "Volatility": 21.021016656727603,
    "Max Time to Recover": 186
}