{
    "ROI": 12.885976652000053,
    "Total P&L": 128859.76652000053,
    "Sharpe Ratio": 0.4668914345024066,
    "Sortino Ratio": 0.6222168174394367,
    "Calmar Ratio": 1.068912739301685,
    "Max Drawdown": -0.12134590701302157,
    "CAGR": 12.970818586833644,
    "Win Rate": 47.22222222222222,
    "Expected Return": 764412.7054097225,
    "Volatility": 19.025315296804653,
    "Max Time to Recover": 224
}